age,user_t0,user_t1,user_t2,user_t3,user_t4,user_t5
-0.20203051,0.0,0.0,0.0,0.0,0.0,0.0
1.3131983,5.0,2.0,1.0,7.0,11.0,0.0
-1.1111678,10.0,4.0,2.0,1.0,9.0,0.0
